source_id,l,b,distance
HD49933 min parallax,213.344067,-0.381772,29.98056663
HD49933 parallax,213.344067,-0.381772,29.90066977
HD49933 max parallax,213.344067,-0.381772,29.82119761
